image_name,label_name,x1,y1,x2,y2,image_width,image_height
BikesHelmets1.jpg,helm,97,1,100,78,300,300
BikesHelmets10.jpg,no_helm,103,5,52,38,241,241
BikesHelmets101.jpg,helm,98,3,39,39,224,224
BikesHelmets108.jpg,helm,83,31,44,38,243,243
BikesHelmets109.jpg,helm,47,55,71,61,320,320
BikesHelmets111.jpg,no_helm,80,49,40,31,244,244
BikesHelmets119.jpg,no_helm,114,25,78,63,402,402
BikesHelmets119.jpg,no_helm,333,86,20,24,402,402
BikesHelmets119.jpg,no_helm,229,86,24,23,402,402
BikesHelmets120.jpg,helm,104,1,62,63,303,303
BikesHelmets121.jpg,helm,107,14,59,59,269,269
BikesHelmets13.jpg,helm,248,27,92,112,557,557
BikesHelmets139.jpg,helm,82,22,45,43,200,200
BikesHelmets14.jpg,helm,77,67,57,74,223,223
BikesHelmets158.jpg,helm,69,7,44,50,243,243
BikesHelmets165.jpg,helm,80,0,91,82,225,225
BikesHelmets167.jpg,helm,115,3,64,59,331,331
BikesHelmets168.jpg,no_helm,110,4,90,115,366,366
BikesHelmets170.jpg,no_helm,69,5,45,50,266,266
BikesHelmets182.jpg,helm,91,5,64,73,225,225
BikesHelmets183.jpg,helm,106,60,51,59,329,329
BikesHelmets187.jpg,helm,117,9,58,53,280,280
BikesHelmets192.jpg,no_helm,81,39,44,50,214,214
BikesHelmets201.jpg,no_helm,96,79,56,62,333,333
BikesHelmets210.jpg,helm,107,54,31,38,266,266
BikesHelmets211.jpg,helm,84,17,52,58,244,244
BikesHelmets214.jpg,helm,105,103,38,39,274,274
BikesHelmets218.jpg,helm,112,45,76,85,335,335
BikesHelmets225.jpg,helm,96,23,42,51,267,267
BikesHelmets232.jpg,no_helm,159,4,90,93,366,366
BikesHelmets238.jpg,no_helm,47,0,38,35,208,208
BikesHelmets250.jpg,helm,154,47,45,43,274,274
BikesHelmets250.jpg,helm,74,66,22,28,274,274
BikesHelmets251.jpg,helm,66,4,32,46,225,225
BikesHelmets256.jpg,no_helm,74,2,42,37,236,236
BikesHelmets256.jpg,no_helm,149,12,37,36,236,236
BikesHelmets256.jpg,no_helm,122,5,22,36,236,236
BikesHelmets256.jpg,no_helm,51,25,12,18,236,236
BikesHelmets260.jpg,no_helm,114,19,63,61,266,266
BikesHelmets268.jpg,helm,97,22,40,48,267,267
BikesHelmets269.jpg,helm,109,19,54,49,244,244
BikesHelmets27.jpg,helm,172,10,92,88,432,432
BikesHelmets270.jpg,helm,146,24,80,110,354,354
BikesHelmets275.jpg,no_helm,220,3,79,90,366,366
BikesHelmets278.jpg,helm,102,13,54,56,267,267
BikesHelmets283.jpg,no_helm,33,77,33,35,206,206
BikesHelmets283.jpg,no_helm,142,59,29,41,206,206
BikesHelmets283.jpg,no_helm,115,63,26,36,206,206
BikesHelmets283.jpg,no_helm,90,72,23,37,206,206
BikesHelmets283.jpg,no_helm,68,72,21,35,206,206
BikesHelmets288.jpg,helm,142,2,42,47,247,247
BikesHelmets289.jpg,no_helm,164,39,63,101,404,404
BikesHelmets35.jpg,helm,105,38,67,81,295,295
BikesHelmets36.jpg,helm,126,36,49,55,297,297
BikesHelmets4.jpg,helm,78,40,48,51,258,258
BikesHelmets42.jpg,helm,132,30,75,101,287,287
BikesHelmets48.jpg,helm,126,38,70,91,347,347
BikesHelmets5.jpg,helm,66,3,58,54,250,250
BikesHelmets51.jpg,helm,104,25,44,49,300,300
BikesHelmets53.jpg,helm,94,14,60,51,265,265
BikesHelmets60.jpg,helm,58,0,51,58,300,300
BikesHelmets62.jpg,no_helm,105,20,68,80,310,310
BikesHelmets77.jpg,no_helm,56,4,61,53,250,250
BikesHelmets77.jpg,no_helm,147,9,19,19,250,250
BikesHelmets84.jpg,helm,101,46,90,91,331,331
BikesHelmets90.jpg,helm,101,0,100,79,244,244
BikesHelmets92.jpg,helm,132,5,39,55,244,244
BikesHelmets94.jpg,helm,113,1,103,80,300,300
BikesHelmets290.jpg,helm,114,30,59,60,269,269
BikesHelmets291.jpg,no_helm,91,13,42,41,267,267
BikesHelmets292.jpg,helm,37,17,106,97,345,345
BikesHelmets294.jpg,helm,81,24,49,41,200,199
BikesHelmets296.jpg,no_helm,133,21,55,47,300,300
BikesHelmets296.jpg,no_helm,197,11,45,47,300,300
BikesHelmets296.jpg,no_helm,246,12,43,50,300,300
BikesHelmets298.jpg,no_helm,88,42,32,32,274,274
BikesHelmets298.jpg,no_helm,164,63,19,18,274,274
BikesHelmets298.jpg,no_helm,225,69,20,16,274,274
BikesHelmets301.jpg,helm,104,34,57,79,266,267
BikesHelmets305.jpg,no_helm,74,4,50,48,249,249
BikesHelmets305.jpg,no_helm,202,57,26,30,249,249
BikesHelmets306.jpg,no_helm,137,34,74,94,478,477
BikesHelmets306.jpg,no_helm,322,54,69,91,478,477
BikesHelmets307.jpg,helm,100,8,64,81,267,267
BikesHelmets309.jpg,helm,159,6,76,91,352,352
BikesHelmets310.jpg,helm,134,3,55,71,267,267
BikesHelmets312.jpg,helm,114,20,46,42,266,266
BikesHelmets316.jpg,helm,129,7,37,45,267,268
BikesHelmets318.jpg,no_helm,70,70,24,23,236,236
BikesHelmets318.jpg,no_helm,162,72,21,21,236,236
BikesHelmets324.jpg,no_helm,77,39,27,30,300,300
BikesHelmets328.jpg,no_helm,131,21,43,45,300,300
BikesHelmets328.jpg,no_helm,189,16,41,41,300,300
BikesHelmets328.jpg,no_helm,237,15,37,44,300,300
BikesHelmets330.jpg,helm,88,1,83,107,335,335
BikesHelmets331.jpg,no_helm,97,35,21,24,199,199
BikesHelmets331.jpg,no_helm,122,43,26,24,199,199
BikesHelmets331.jpg,no_helm,152,38,21,22,199,199
BikesHelmets335.jpg,no_helm,157,56,47,53,299,299
BikesHelmets337.jpg,helm,154,33,61,64,310,310
BikesHelmets341.jpg,no_helm,136,56,40,45,231,231
BikesHelmets346.jpg,helm,134,25,67,63,300,300
BikesHelmets350.jpg,helm,146,8,52,61,267,267
BikesHelmets352.jpg,helm,121,0,56,64,331,330
BikesHelmets355.jpg,helm,94,24,126,140,300,300
BikesHelmets365.jpg,no_helm,79,31,21,25,247,247
BikesHelmets365.jpg,no_helm,161,32,31,27,247,247
BikesHelmets365.jpg,no_helm,105,49,13,15,247,247
BikesHelmets373.jpg,helm,128,33,41,49,269,269
BikesHelmets374.jpg,helm,159,70,65,68,350,350
BikesHelmets380.jpg,helm,277,34,108,109,528,527
BikesHelmets384.jpg,no_helm,103,19,59,54,320,319
BikesHelmets388.jpg,helm,66,7,49,63,188,188
BikesHelmets396.jpg,helm,134,4,54,64,267,267
BikesHelmets406.jpg,no_helm,152,2,65,61,400,400
BikesHelmets452.jpg,no_helm,222,32,64,54,400,400
BikesHelmets466.jpg,no_helm,180,31,42,50,300,300
BikesHelmets477.jpg,no_helm,142,1,49,46,259,259
BikesHelmets479.jpg,no_helm,84,20,55,49,274,273
BikesHelmets485.jpg,no_helm,146,27,66,60,400,400
BikesHelmets508.jpg,helm,110,14,62,63,225,224
BikesHelmets512.jpg,helm,120,4,58,63,300,300
BikesHelmets513.jpg,no_helm,233,13,120,134,493,493
BikesHelmets522.jpg,helm,186,9,43,44,267,267
BikesHelmets523.jpg,no_helm,162,34,44,34,292,292
BikesHelmets523.jpg,no_helm,75,48,22,27,292,292
BikesHelmets526.jpg,no_helm,50,18,32,23,200,200
BikesHelmets526.jpg,no_helm,124,9,20,26,200,200
BikesHelmets526.jpg,no_helm,20,21,17,18,200,200
BikesHelmets538.jpg,helm,157,150,55,51,387,387
BikesHelmets546.jpg,no_helm,132,20,35,31,267,267
BikesHelmets549.jpg,helm,83,21,45,49,267,267
BikesHelmets550.jpg,no_helm,71,6,29,31,243,243
BikesHelmets550.jpg,no_helm,100,13,26,25,243,243
BikesHelmets550.jpg,no_helm,145,13,31,39,243,243
BikesHelmets556.jpg,no_helm,125,21,49,50,266,266
BikesHelmets557.jpg,no_helm,35,62,19,19,225,225
BikesHelmets557.jpg,no_helm,67,74,11,14,225,225
BikesHelmets557.jpg,no_helm,110,65,14,15,225,225
BikesHelmets557.jpg,no_helm,171,62,17,16,225,225
BikesHelmets557.jpg,helm,132,64,17,21,225,225
BikesHelmets557.jpg,helm,81,64,22,26,225,225
BikesHelmets569.jpg,no_helm,92,31,57,66,267,267
BikesHelmets570.jpg,helm,115,47,50,47,300,300
BikesHelmets575.jpg,helm,166,10,55,61,288,287
BikesHelmets577.jpg,no_helm,109,24,48,68,271,271
BikesHelmets290.jpg,helm,114,30,59,60,269,269
BikesHelmets291.jpg,no_helm,91,13,42,41,267,267
BikesHelmets292.jpg,helm,37,17,106,97,345,345
BikesHelmets294.jpg,helm,81,24,49,41,200,199
BikesHelmets296.jpg,no_helm,133,21,55,47,300,300
BikesHelmets296.jpg,no_helm,197,11,45,47,300,300
BikesHelmets296.jpg,no_helm,246,12,43,50,300,300
BikesHelmets298.jpg,no_helm,88,42,32,32,274,274
BikesHelmets298.jpg,no_helm,164,63,19,18,274,274
BikesHelmets298.jpg,no_helm,225,69,20,16,274,274
BikesHelmets301.jpg,helm,104,34,57,79,266,267
BikesHelmets305.jpg,no_helm,74,4,50,48,249,249
BikesHelmets305.jpg,no_helm,202,57,26,30,249,249
BikesHelmets306.jpg,no_helm,137,34,74,94,478,477
BikesHelmets306.jpg,no_helm,322,54,69,91,478,477
BikesHelmets307.jpg,helm,100,8,64,81,267,267
BikesHelmets309.jpg,helm,159,6,76,91,352,352
BikesHelmets310.jpg,helm,134,3,55,71,267,267
BikesHelmets312.jpg,helm,114,20,46,42,266,266
BikesHelmets316.jpg,helm,129,7,37,45,267,268
BikesHelmets318.jpg,no_helm,70,70,24,23,236,236
BikesHelmets318.jpg,no_helm,162,72,21,21,236,236
BikesHelmets324.jpg,no_helm,77,39,27,30,300,300
BikesHelmets328.jpg,no_helm,131,21,43,45,300,300
BikesHelmets328.jpg,no_helm,189,16,41,41,300,300
BikesHelmets328.jpg,no_helm,237,15,37,44,300,300
BikesHelmets330.jpg,helm,88,1,83,107,335,335
BikesHelmets331.jpg,no_helm,97,35,21,24,199,199
BikesHelmets331.jpg,no_helm,122,43,26,24,199,199
BikesHelmets331.jpg,no_helm,152,38,21,22,199,199
BikesHelmets335.jpg,no_helm,157,56,47,53,299,299
BikesHelmets337.jpg,helm,154,33,61,64,310,310
BikesHelmets341.jpg,no_helm,136,56,40,45,231,231
BikesHelmets346.jpg,helm,134,25,67,63,300,300
BikesHelmets350.jpg,helm,146,8,52,61,267,267
BikesHelmets352.jpg,helm,121,0,56,64,331,330
BikesHelmets355.jpg,helm,94,24,126,140,300,300
BikesHelmets365.jpg,no_helm,79,31,21,25,247,247
BikesHelmets365.jpg,no_helm,161,32,31,27,247,247
BikesHelmets365.jpg,no_helm,105,49,13,15,247,247
BikesHelmets373.jpg,helm,128,33,41,49,269,269
BikesHelmets374.jpg,helm,159,70,65,68,350,350
BikesHelmets380.jpg,helm,277,34,108,109,528,527
BikesHelmets384.jpg,no_helm,103,19,59,54,320,319
BikesHelmets388.jpg,helm,66,7,49,63,188,188
BikesHelmets396.jpg,helm,134,4,54,64,267,267
BikesHelmets406.jpg,no_helm,152,2,65,61,400,400
BikesHelmets452.jpg,no_helm,222,32,64,54,400,400
BikesHelmets466.jpg,no_helm,180,31,42,50,300,300
BikesHelmets477.jpg,no_helm,142,1,49,46,259,259
BikesHelmets479.jpg,no_helm,84,20,55,49,274,273
BikesHelmets485.jpg,no_helm,146,27,66,60,400,400
BikesHelmets508.jpg,helm,110,14,62,63,225,224
BikesHelmets512.jpg,helm,120,4,58,63,300,300
BikesHelmets513.jpg,no_helm,233,13,120,134,493,493
BikesHelmets522.jpg,helm,186,9,43,44,267,267
BikesHelmets523.jpg,no_helm,162,34,44,34,292,292
BikesHelmets523.jpg,no_helm,75,48,22,27,292,292
BikesHelmets526.jpg,no_helm,50,18,32,23,200,200
BikesHelmets526.jpg,no_helm,124,9,20,26,200,200
BikesHelmets526.jpg,no_helm,20,21,17,18,200,200
BikesHelmets533.jpg,helm,118,31,67,81,390,390
BikesHelmets538.jpg,helm,157,150,55,51,387,387
BikesHelmets546.jpg,no_helm,132,20,35,31,267,267
BikesHelmets549.jpg,helm,83,21,45,49,267,267
BikesHelmets550.jpg,no_helm,71,6,29,31,243,243
BikesHelmets550.jpg,no_helm,100,13,26,25,243,243
BikesHelmets550.jpg,no_helm,145,13,31,39,243,243
BikesHelmets556.jpg,no_helm,125,21,49,50,266,266
BikesHelmets557.jpg,no_helm,35,62,19,19,225,225
BikesHelmets557.jpg,no_helm,67,74,11,14,225,225
BikesHelmets557.jpg,no_helm,110,65,14,15,225,225
BikesHelmets557.jpg,no_helm,171,62,17,16,225,225
BikesHelmets557.jpg,helm,132,64,17,21,225,225
BikesHelmets557.jpg,helm,81,64,22,26,225,225
BikesHelmets566.jpg,no_helm,87,9,25,37,225,225
BikesHelmets569.jpg,no_helm,92,31,57,66,267,267
BikesHelmets570.jpg,helm,115,47,50,47,300,300
BikesHelmets575.jpg,helm,166,10,55,61,288,287
BikesHelmets577.jpg,no_helm,109,24,48,68,271,271
BikesHelmets578.jpg,no_helm,85,24,34,23,234,233
BikesHelmets578.jpg,no_helm,51,60,26,25,234,233
BikesHelmets579.jpg,no_helm,84,1,46,41,224,225
BikesHelmets583.jpg,no_helm,160,78,36,35,375,376
BikesHelmets585.jpg,no_helm,207,13,69,52,400,400
BikesHelmets588.jpg,no_helm,105,2,51,47,250,250
BikesHelmets590.jpg,helm,140,6,47,38,247,246
BikesHelmets594.jpg,no_helm,120,14,42,33,258,258
BikesHelmets594.jpg,no_helm,80,61,37,25,258,258
BikesHelmets594.jpg,no_helm,9,22,30,25,258,258
BikesHelmets601.jpg,no_helm,128,60,28,29,261,262
BikesHelmets602.jpg,helm,77,15,60,64,226,225
BikesHelmets603.jpg,no_helm,97,36,60,59,267,267
BikesHelmets607.jpg,helm,107,20,43,49,277,277
BikesHelmets609.jpg,no_helm,104,62,31,30,266,265
BikesHelmets609.jpg,no_helm,190,65,21,22,266,265
BikesHelmets609.jpg,no_helm,140,63,17,23,266,265
BikesHelmets609.jpg,no_helm,61,70,21,23,266,265
BikesHelmets609.jpg,no_helm,22,66,18,23,266,265
BikesHelmets609.jpg,no_helm,46,58,14,17,266,265
BikesHelmets609.jpg,no_helm,87,65,12,13,266,265
BikesHelmets612.jpg,helm,60,7,46,44,225,225
BikesHelmets629.jpg,helm,116,21,45,47,267,267
BikesHelmets630.jpg,no_helm,143,16,48,35,294,293
BikesHelmets633.jpg,no_helm,103,13,25,22,183,184
BikesHelmets634.jpg,no_helm,148,43,49,49,279,279
BikesHelmets634.jpg,no_helm,74,33,51,46,279,279
BikesHelmets638.jpg,no_helm,101,11,64,54,316,316
BikesHelmets640.jpg,no_helm,68,266,21,38,402,402
BikesHelmets640.jpg,no_helm,9,266,29,32,402,402
BikesHelmets640.jpg,no_helm,5,227,14,31,402,402
BikesHelmets640.jpg,no_helm,36,220,17,21,402,402
BikesHelmets640.jpg,no_helm,125,258,21,23,402,402
BikesHelmets640.jpg,no_helm,151,248,16,23,402,402
BikesHelmets640.jpg,no_helm,187,219,16,31,402,402
BikesHelmets640.jpg,no_helm,255,243,16,23,402,402
BikesHelmets640.jpg,no_helm,229,222,22,30,402,402
BikesHelmets640.jpg,no_helm,277,270,25,30,402,402
BikesHelmets640.jpg,no_helm,337,241,34,34,402,402
BikesHelmets640.jpg,no_helm,368,220,18,23,402,402
BikesHelmets640.jpg,no_helm,315,218,22,27,402,402
BikesHelmets640.jpg,no_helm,331,190,16,19,402,402
BikesHelmets640.jpg,no_helm,270,224,20,17,402,402
BikesHelmets640.jpg,no_helm,82,217,23,25,402,402
BikesHelmets640.jpg,no_helm,229,184,17,18,402,402
BikesHelmets640.jpg,no_helm,292,158,20,16,402,402
BikesHelmets640.jpg,no_helm,170,165,12,24,402,402
BikesHelmets640.jpg,no_helm,80,163,15,28,402,402
BikesHelmets640.jpg,no_helm,50,175,13,19,402,402
BikesHelmets640.jpg,no_helm,132,222,16,23,402,402
BikesHelmets641.jpg,no_helm,207,120,45,59,375,375
BikesHelmets641.jpg,no_helm,86,7,45,62,375,375
BikesHelmets647.jpg,no_helm,139,25,45,53,366,366
BikesHelmets650.jpg,helm,120,19,50,44,284,284
BikesHelmets653.jpg,helm,88,0,74,95,243,242
BikesHelmets656.jpg,no_helm,78,3,27,36,150,150
BikesHelmets656.jpg,no_helm,54,4,23,26,150,150
BikesHelmets659.jpg,helm,147,9,32,52,225,224
BikesHelmets662.jpg,no_helm,59,4,38,50,223,223
BikesHelmets663.jpg,helm,45,21,88,93,344,344
BikesHelmets664.jpg,no_helm,108,44,41,75,375,375
BikesHelmets666.jpg,no_helm,106,49,25,30,267,267
BikesHelmets667.jpg,helm,105,3,49,71,225,225
BikesHelmets670.jpg,no_helm,72,12,34,37,283,283
BikesHelmets675.jpg,helm,263,18,66,103,480,480
BikesHelmets678.jpg,no_helm,172,15,68,75,317,317
BikesHelmets681.jpg,no_helm,107,3,47,49,250,249
BikesHelmets684.jpg,no_helm,87,12,44,55,267,266
BikesHelmets694.jpg,no_helm,100,4,42,49,266,265
BikesHelmets698.jpg,helm,120,53,42,48,295,295
BikesHelmets699.jpg,helm,103,3,33,47,228,228
BikesHelmets705.jpg,helm,63,5,51,56,270,270
BikesHelmets706.jpg,no_helm,92,31,33,41,263,262
BikesHelmets706.jpg,no_helm,143,34,30,32,263,262
BikesHelmets709.jpg,no_helm,104,0,46,46,230,229
BikesHelmets721.jpg,helm,92,7,57,63,230,229
BikesHelmets722.jpg,helm,118,0,67,59,235,235
BikesHelmets723.jpg,no_helm,119,21,56,56,266,265
BikesHelmets726.jpg,helm,130,18,60,63,331,330
BikesHelmets730.jpg,no_helm,198,52,83,101,400,399
BikesHelmets734.jpg,no_helm,94,12,31,44,259,259
BikesHelmets735.jpg,helm,129,39,33,39,267,267
BikesHelmets736.jpg,no_helm,102,2,49,52,250,249
BikesHelmets739.jpg,no_helm,99,17,35,50,225,225
BikesHelmets739.jpg,no_helm,54,20,26,46,225,225
BikesHelmets741.jpg,helm,194,14,55,68,394,394
BikesHelmets742.jpg,helm,99,7,62,60,225,225
BikesHelmets745.jpg,helm,42,0,32,34,187,188
BikesHelmets748.jpg,helm,100,41,37,38,267,267
BikesHelmets749.jpg,helm,167,53,41,51,321,320
BikesHelmets761.jpg,helm,120,1,49,67,310,310
BikesHelmets762.jpg,helm,226,15,65,58,371,371
BikesHelmets764.jpg,helm,172,58,47,58,400,400
BikesHelmets765.jpg,helm,129,76,148,192,732,732
BikesHelmets766.jpg,helm,214,110,356,370,749,750
BikesHelmets767.jpg,helm,181,174,333,347,736,735
BikesHelmets768.jpg,helm,79,11,44,42,194,194
BikesHelmets768.jpg,helm,20,8,38,39,194,194
BikesHelmets768.jpg,helm,156,2,26,26,194,194
BikesHelmets769.jpg,helm,100,12,65,69,236,236
BikesHelmets770.jpg,helm,202,44,355,412,735,735
BikesHelmets771.jpg,helm,376,80,433,537,1333,1332
BikesHelmets772.jpg,helm,127,97,69,67,311,311
BikesHelmets773.jpg,helm,98,10,41,41,224,224
BikesHelmets774.jpg,helm,56,3,35,35,168,167
BikesHelmets775.jpg,helm,97,15,36,37,194,194
BikesHelmets776.jpg,helm,48,4,31,36,168,167
BikesHelmets777.jpg,helm,108,36,33,25,194,194
BikesHelmets778.jpg,helm,50,34,52,56,182,182
BikesHelmets779.jpg,helm,68,26,53,52,183,183
BikesHelmets780.jpg,helm,224,23,92,93,540,540
BikesHelmets781.jpg,helm,187,37,105,108,593,594
BikesHelmets782.jpg,helm,64,7,40,40,192,192
BikesHelmets783.jpg,helm,25,7,112,137,182,183
BikesHelmets784.jpg,helm,269,149,314,304,1156,1156
BikesHelmets785.jpg,helm,89,21,52,44,183,183
BikesHelmets786.jpg,helm,131,0,133,144,422,422
BikesHelmets787.jpg,helm,151,28,99,103,408,408
BikesHelmets788.jpg,helm,6,37,39,28,170,170
BikesHelmets788.jpg,helm,10,68,43,35,170,170
BikesHelmets788.jpg,helm,115,54,23,28,170,170
BikesHelmets788.jpg,helm,146,36,24,27,170,170
BikesHelmets789.jpg,helm,25,1,144,168,190,190
BikesHelmets790.jpg,helm,88,12,66,64,183,183
BikesHelmets791.jpg,helm,4,1,136,127,167,167
BikesHelmets792.jpg,helm,47,6,50,59,159,159
BikesHelmets793.jpg,helm,32,1,124,104,183,183
BikesHelmets794.jpg,helm,31,30,28,40,180,179
BikesHelmets794.jpg,helm,68,28,35,39,180,179
BikesHelmets795.jpg,helm,62,7,93,93,225,225
BikesHelmets796.jpg,helm,36,40,18,32,182,182
BikesHelmets796.jpg,helm,59,37,23,39,182,182
BikesHelmets796.jpg,helm,78,65,28,38,182,182
BikesHelmets797.jpg,helm,50,30,35,32,183,183
BikesHelmets798.jpg,helm,46,2,95,114,167,167
BikesHelmets799.jpg,helm,100,2,39,43,183,182
BikesHelmets800.jpg,helm,28,39,24,18,167,167
BikesHelmets800.jpg,helm,35,54,39,40,167,167
BikesHelmets800.jpg,helm,140,32,27,46,167,167
BikesHelmets801.jpg,helm,60,19,81,85,168,167
BikesHelmets802.jpg,helm,50,29,115,104,185,185
BikesHelmets803.jpg,helm,35,15,108,105,168,168
BikesHelmets804.jpg,helm,43,38,18,16,162,163
BikesHelmets804.jpg,helm,75,14,26,32,162,163
BikesHelmets805.jpg,helm,34,4,46,50,176,176
BikesHelmets805.jpg,helm,121,2,33,34,176,176
BikesHelmets805.jpg,no_helm,88,61,40,41,176,176
BikesHelmets806.jpg,helm,8,39,19,26,163,163
BikesHelmets806.jpg,helm,58,27,67,51,163,163
BikesHelmets806.jpg,helm,146,35,17,24,163,163
BikesHelmets807.jpg,helm,17,9,144,125,168,167
